OBJECTID,Australia_test2_CNTRY_NAME,Australia_test2_ZONE_CODE,COUNT,AREA,MIN,MAX,RANGE,MEAN,STD,SUM
1,Afghanistan,1,3603886,62.56746628,0,166.8375092,166.8375092,0.023119905,0.720152057,83321.50191
3,Albania,3,177037,3.073559077,0,230.3887329,230.3887329,0.44227069,3.157540897,78298.27615
1,Algeria,1,12298475,213.5151944,0,13629.04785,13629.04785,0.215874032,9.326463623,2654921.391
1,American Samoa,1,784,0.013611111,0,17.59395599,17.59395599,2.132200516,3.042544665,1671.645205
5,Andorra,5,3203,0.05560764,0,140.5668945,140.5668945,2.392326453,9.563511744,7662.62163
1,Angola,1,5979507,103.8108871,-0.038880438,453.9198608,453.9587413,0.032042524,1.029480135,191598.499
3,Anguilla,3,451,0.007829861,0,19.01236343,19.01236343,2.744234964,2.84942147,1237.649969
2,Antarctica,2,998,0.017326389,0,0,0,0,0,0
3,Antarctica,3,138480,2.404166705,0,0,0,0,0,0
3,Antarctica,3,176379,3.062135466,0,2.735583544,2.735583544,0.000408263,0.01970349,72.0090289
2,Antigua and Barbuda,2,2617,0.045434029,0,40.38829422,40.38829422,2.097588203,4.038148845,5489.388328
2,Argentina,2,13882073,241.0082157,-0.008228925,403.0665894,403.0748183,0.169609007,2.757048233,2354524.621
2,Argentina,2,2148364,37.29798671,0,247.2730103,247.2730103,0.797735009,6.901365506,1713825.174
4,Armenia,4,180968,3.141805606,0,114.2856903,114.2856903,0.156469349,1.467783759,28315.94517
1,Aruba,1,960,0.016666667,0,49.82265091,49.82265091,4.816699941,6.390894876,4624.031943
1,Australia,1,40062986,695.5379625,-0.035819989,923.085144,923.120964,0.032671145,0.950247428,1308903.639
6,Austria,6,578260,10.03923627,0,230.1831055,230.1831055,0.532298894,3.016759147,307807.1585
2,Azerbaijan,2,524331,9.102968896,0,286.2443237,286.2443237,0.498777979,3.650122156,261524.7564
5,"Bahamas, The",5,62143,1.078871545,0,136.8224487,136.8224487,0.462784913,3.529289999,28758.84285
7,Bahrain,7,3321,0.057656251,0,245.9377441,245.9377441,49.69960969,52.99846862,165052.4038
17,Baker Island,17,2,3.47222E-05,0,0,0,0,0,0
2,Bangladesh,2,703987,12.22199672,0,200.4248047,200.4248047,0.278734267,1.288526856,196225.3003
8,Barbados,8,2147,0.037274306,0,45.73750305,45.73750305,4.155506765,5.178440621,8921.873023
9,Belgium,9,224378,3.895451451,0,1435.066406,1435.066406,4.145179824,12.50561564,930087.1585
6,Belize,6,107858,1.872534752,0,35.18629074,35.18629074,0.095729847,0.914178689,10325.22988
11,Benin,11,551462,9.573993209,0,74.97245789,74.97245789,0.031054571,0.467502515,17125.41559
4,Bermuda,4,108,0.001875,0.628650665,18.63765526,18.00900459,5.914147724,4.332437942,638.7279541
4,Bhutan,4,209421,3.635781308,0,54.22372818,54.22372818,0.037631891,0.54211712,7880.908302
4,Bolivia,4,4933543,85.65178956,-0.026945012,222.6303253,222.6572703,0.066360692,1.76088136,327393.327
5,Bolivia,5,376159,6.530538299,0,28.79957962,28.79957962,0.005304483,0.227053225,1995.329089
10,Bosnia and Herzegovina,10,333991,5.798454954,0,137.7433319,137.7433319,0.393590047,2.453313688,131455.5335
4,Botswana,4,2918809,50.67376817,-0.001261328,74.52693176,74.52819309,0.016034801,0.444153777,46802.5202
7,Bouvet Island,7,458,0.007951389,0,0,0,0,0,0
7,Brazil,7,1474421,25.59758722,0,126.1027832,126.1027832,0.015691594,0.753666669,23136.01573
13,Brazil,13,1329164,23.07576426,0,75.68133545,75.68133545,0.012045132,0.536081803,16009.9555
5,Brazil,5,7795146,135.332398,-0.027121786,1053.946167,1053.973289,0.022179383,1.093217232,172891.5281
6,Brazil,6,30127370,523.0446264,-0.021401726,622.9494629,622.9708646,0.261127945,2.932526834,7867098.23
9,British Indian Ocean Territory,9,426,0.007395833,0,23.68341064,23.68341064,0.812522373,2.707494035,346.134531
44,British Virgin Islands,44,573,0.009947917,0,29.68325424,29.68325424,2.357085147,3.745073061,1350.609789
5,Brunei,5,26976,0.468333341,0,812.6221313,812.6221313,2.087374015,9.68320346,56309.00142
14,Bulgaria,14,703313,12.21029533,0,172.6243439,172.6243439,0.394229147,2.593636647,277266.4843
114,Burkina Faso,114,1303591,22.63178856,0,77.24703217,77.24703217,0.021929609,0.532441944,28587.24108
8,Burundi,8,127446,2.212604202,0,13.89851856,13.89851856,0.013847588,0.212480891,1764.819708
12,Byelarus,12,1621921,28.15835114,0,1559.1521,1559.1521,0.169080427,3.398545336,274235.0956
6,Cambodia,6,871377,15.12807316,0,52.28885651,52.28885651,0.02510034,0.558172017,21871.85866
19,Cameroon,19,2187163,37.97158047,0,74.01544189,74.01544189,0.016568732,0.441842944,36238.51868
8,Canada,8,86455610,1500.965475,0,3844.631836,3844.631836,0.089083665,2.321198679,7701782.558
15,Canada,15,1521694,26.41829903,0,166.4756012,166.4756012,0.058254459,1.276107267,88645.46144
21,Cape Verde,21,19606,0.34038195,0,42.67431259,42.67431259,0.24389647,1.524298432,4781.834192
9,Cayman Islands,9,1019,0.017690973,0,85.51760864,85.51760864,5.297486999,11.72802115,5398.139252
20,Central African Republic,20,2914549,50.59980984,0,13.67289448,13.67289448,0.000409694,0.043678893,1194.072035
16,Chad,16,6179735,107.2870677,0,2278.717773,2278.717773,0.005740237,1.55492973,35473.14604
6,Chile,6,4474826,77.68795263,-0.047224693,172.5684509,172.6156756,0.176262314,2.487390654,788743.1877
8,China,8,54754913,950.6061437,0,1280.793213,1280.793213,0.282212137,2.455947666,15452501
10,Christmas Island,10,586,0.010173611,0,10.11896801,10.11896801,0.252360842,0.958265481,147.8834537
4,Cocos (Keeling) Islands,4,86,0.001493056,0,0.528570175,0.528570175,0.03537206,0.10041823,3.04199712
10,Colombia,10,4681723,81.27991449,0,1821.4823,1821.4823,0.192011757,3.398869192,898945.8609
7,Colombia,7,650554,11.29434046,0,15.50056839,15.50056839,0.000465981,0.050556175,303.1458082
11,Comoros,11,8205,0.142447919,0,4.975628853,4.975628853,0.024063981,0.196451498,197.4449621
17,Congo,17,660154,11.46100713,0,19.3025856,19.3025856,0.00060906,0.053203785,402.0731046
9,Congo,9,951148,16.51298638,0,978.7077026,978.7077026,0.0571585,1.991561683,54366.19257
8,Cook Islands,8,750,0.013020834,0,2.985053539,2.985053539,0.099786526,0.309462762,74.83989482
11,Costa Rica,11,242476,4.209652845,0,121.5071945,121.5071945,0.556474989,3.171463231,134931.8295
48,Croatia,48,367747,6.38449663,0,161.7654114,161.7654114,0.918739598,4.70284894,337863.7311
12,Cuba,12,548685,9.525781402,0,509.8024902,509.8024902,0.331970442,2.301426519,182147.2022
22,Cyprus,22,51988,0.902569459,0,118.2245941,118.2245941,2.033804653,5.743613932,105733.4363
31,Czech Republic,31,565879,9.824288352,0,147.180481,147.180481,0.987880198,4.332857315,559020.6585
23,Denmark,23,353869,6.143559126,0,1720.084473,1720.084473,0.606950141,7.729457845,214780.8395
24,Djibouti,24,102409,1.777934056,0,56.17789078,56.17789078,0.042206263,0.781691957,4322.301144
13,Dominica,13,3705,0.064322918,0,15.59438896,15.59438896,0.233166706,0.780348801,863.8826445
14,Dominican Republic,14,238917,4.14786465,0,107.8617325,107.8617325,0.737220273,3.958672044,176134.4559
15,Ecuador,15,182372,3.166180606,0,734.0859985,734.0859985,0.321763661,4.576434583,58680.68232
10,Ecuador,10,1013053,17.58772598,0,2234.958252,2234.958252,0.445569533,6.023043841,451385.5519
25,Egypt,25,5212057,90.48710214,0,6428.486328,6428.486328,0.582453195,5.515977998,3035779.252
16,El Salvador,16,99024,1.719166694,0,49.51720047,49.51720047,0.504950431,2.359945685,50002.2115
27,Equatorial Guinea,27,126133,2.189809063,0,48.876297,48.876297,0.131790988,1.482922396,16623.19274
29,Eritrea,29,586314,10.17906266,0,43.0758667,43.0758667,0.004452742,0.188762136,2610.705123
28,Estonia,28,409423,7.108038308,0,2853.316162,2853.316162,0.399716803,8.986834579,163653.2526
30,Ethiopia,30,5340768,92.72166815,-0.017238475,288.1505737,288.1678122,0.01161121,0.45224808,62012.77927
12,Falkland Islands (Islas Malvinas),12,22544,0.391388895,0,2.953503609,2.953503609,0.0009919,0.039837666,22.3613885
12,Falkland Islands (Islas Malvinas),12,63604,1.104236129,0,18.61681366,18.61681366,0.012186887,0.279385397,775.1347548
34,Faroe Islands,34,14653,0.254392365,0,42.33010864,42.33010864,0.295714647,1.675114277,4333.106722
10,Federated States of Micronesia,10,2433,0.042239584,0,8.161168098,8.161168098,0.087008555,0.427010337,211.6918132
5,Fiji,5,86741,1.505920163,-0.095999688,31.79359245,31.88959214,0.034046091,0.404795341,2953.192018
11,Fiji,11,1617,0.028072917,-0.033923641,0.44394514,0.47786878,0.00254266,0.024959104,4.111481531
33,Finland,33,3608945,62.65529614,0,4612.581543,4612.581543,0.555117108,10.52354601,2003387.112
35,France,35,3706430,64.34774409,0,4186.701172,4186.701172,1.264829881,7.391513155,4688003.415
32,French Guiana,32,392121,6.807656359,0,55.25261688,55.25261688,0.022992758,0.627754848,9015.943288
13,French Polynesia,13,10091,0.175190975,0,46.06561279,46.06561279,0.32179604,1.815235694,3247.243845
6,French Southern & Antarctic Lands,6,51252,0.889791681,0,0,0,0,0,0
13,French Southern & Antarctic Lands,13,1886,0.032743056,0,0,0,0,0,0
37,Gabon,37,428019,7.430885536,0,19.48261833,19.48261833,0.014037829,0.344463418,6008.457662
14,Gabon,14,792208,13.75361133,0,1084.307007,1084.307007,0.061420874,3.543553184,48658.10752
36,"Gambia, The",36,51544,0.894861125,0,19.70739746,19.70739746,0.07123859,0.640239174,3671.921891
47,Gaza Strip,47,2026,0.035173612,0,78.85588074,78.85588074,7.254159476,7.260098342,14696.9271
38,Georgia,38,439120,7.623611233,0,201.7849426,201.7849426,0.280830853,2.540122788,123318.444
43,Germany,43,2642206,45.87163268,0,1319.449707,1319.449707,0.959642659,4.23299813,2535573.591
39,Ghana,39,1129705,19.61293434,0,140.342453,140.342453,0.133589446,1.133800897,150916.6656
40,Gibraltar,40,49,0.000850694,2.874818802,92.07025909,89.19544029,32.68083282,25.01023432,1601.360808
15,Glorioso Islands,15,22,0.000381944,0,0,0,0,0,0
44,Greece,44,779774,13.53774327,0,194.177948,194.177948,0.962451211,5.113315335,750494.4303
42,Greenland,42,17478566,303.4473312,0,54.01887894,54.01887894,0.000416743,0.078312223,7284.067646
18,Grenada,18,1658,0.028784723,0,14.7940836,14.7940836,1.122026331,1.719587898,1860.319657
19,Guadeloupe,19,8030,0.139409724,0,87.67337799,87.67337799,2.629783932,5.903271787,21117.16497
11,Guam,11,2772,0.048125001,0,103.1076813,103.1076813,4.565020799,7.861103017,12654.23766
20,Guatemala,20,529536,9.19333348,0,284.2102051,284.2102051,0.260084586,2.373419596,137724.1511
41,Guernsey,41,522,0.0090625,0,19.38081551,19.38081551,1.014714754,2.455920338,529.6811016
45,Guinea,45,1165620,20.23645866,0,37.23861313,37.23861313,0.008272476,0.235621483,9642.563732
87,Guinea-Bissau,87,158584,2.753194488,0,15.08705997,15.08705997,0.006402698,0.186821571,1015.365404
21,Guyana,21,138765,2.409114622,0,0.637179434,0.637179434,0.000121855,0.006096913,16.90914696
46,Guyana,46,850524,14.7660419,0,46.78173065,46.78173065,0.012854521,0.348173466,10933.07881
22,Haiti,22,134166,2.329270871,0,42.75951767,42.75951767,0.088671055,0.802812991,11896.64074
7,Heard Island & McDonald Islands,7,3092,0.053680556,0,0,0,0,0,0
23,Honduras,23,542648,9.420972373,0,78.16103363,78.16103363,0.224369136,1.770112357,121753.4629
24,Howland Island,24,13,0.000225694,0,0,0,0,0,0
49,Hungary,49,635536,11.03361129,0,151.2136383,151.2136383,0.593104076,3.235752779,376938.9921
50,Iceland,50,1127407,19.57303851,0,1134.029297,1134.029297,0.172987569,4.675600793,195027.396
13,India,13,16052298,278.6857336,0,1894.064453,1894.064453,0.545528802,2.877676914,8756990.901
8,Indonesia,8,6524291,113.2689428,-0.086829863,1340.449219,1340.536049,0.182032153,2.184569284,1187630.738
12,Indonesia,12,2359869,40.96994857,0,391.8515625,391.8515625,0.097292957,1.474061981,229598.6341
52,Iran,52,8011490,139.0883703,0,26358.48828,26358.48828,0.611850191,26.55796436,4901831.687
14,Iran,14,982279,17.05345513,0,2516.486816,2516.486816,0.154668465,3.183788963,151927.5848
56,Iraq,56,2427364,42.14173679,0,92682.27344,92682.27344,1.560685555,116.4625723,3788351.931
26,Ireland,26,539131,9.359913344,0,185.2839355,185.2839355,0.569843391,3.650459996,307220.2374
53,Israel,53,113079,1.963177115,0,287.5299072,287.5299072,6.411551454,16.87480331,725011.8268
54,Italy,54,1903452,33.0460422,0,1013.02478,1013.02478,2.764280947,8.346342174,5261676.097
55,Ivory Coast,55,1517190,26.34010459,0,66.24705505,66.24705505,0.077936088,0.989964545,118243.853
25,Jamaica,25,54267,0.942135432,0,88.69498444,88.69498444,1.102537965,3.418804182,59831.42773
58,Jan Mayen,58,6701,0.116336807,0,0,0,0,0,0
15,Japan,15,2185504,37.94277838,0,529.2745972,529.2745972,1.24170934,5.160186197,2713760.73
9,Jarvis Island,9,40,0.000694444,0,0,0,0,0,0
57,Jersey,57,884,0.015347222,0,40.58540726,40.58540726,1.254707715,3.46748218,1109.16162
26,Johnston Atoll,26,4,6.94444E-05,0,0,0,0,0,0
59,Jordan,59,486670,8.44913208,0,213.1257324,213.1257324,0.72195273,4.291370242,351352.7349
16,Juan De Nova Island,16,28,0.000486111,0,0,0,0,0,0
62,Kazakhstan,62,4524776,78.55514015,0,38653.70313,38653.70313,0.152140341,32.31025079,688400.9641
19,Kazakhstan,19,14465666,251.1400387,0,4477.984375,4477.984375,0.071453174,3.172792681,1033617.753
60,Kenya,60,1565242,27.17434071,0,65.86406708,65.86406708,0.006113972,0.186391713,9569.846169
17,Kenya,17,1159759,20.13470518,0,126.4333115,126.4333115,0.073997907,1.136980196,85819.73899
27,Kiribati,27,1961,0.034045139,0,2.389667511,2.389667511,0.008062505,0.099891097,15.81057246
61,Kuwait,61,89575,1.555121553,0,1506.608398,1506.608398,6.477970484,22.17812237,580264.2061
16,Kyrgyzstan,16,1239053,21.51133715,0,111.6884308,111.6884308,0.086894406,0.954665035,107666.7747
20,Laos,20,1133582,19.68024337,0,88.16401672,88.16401672,0.035764338,0.597783718,40541.81025
64,Latvia,64,548122,9.516007097,0,636.7694702,636.7694702,0.198392972,2.734531063,108743.5527
63,Lebanon,63,57358,0.995798627,0,193.4065094,193.4065094,3.345021255,8.01380984,191863.7291
18,Lesotho,18,163674,2.841562545,0,35.82676697,35.82676697,0.054839968,0.628223129,8975.876876
66,Liberia,66,452095,7.848871653,0,34.83026886,34.83026886,0.005808784,0.153316942,2626.122427
70,Libya,70,8487537,147.3530753,0,5353.823242,5353.823242,0.101884373,2.762550293,864747.3847
68,Liechtenstein,68,1213,0.021059028,0,35.81990051,35.81990051,1.489255985,3.309831867,1806.46751
65,Lithuania,65,530103,9.203177231,0,106.2751007,106.2751007,0.217379396,2.154710694,115233.4701
69,Luxembourg,69,18554,0.322118061,0,106.0491104,106.0491104,2.73941233,7.331310799,50827.05637
21,Macau,21,21,0.000364583,50.40001297,308.3692627,257.9692497,100.2369276,67.51977231,2104.975479
72,Macedonia,72,158388,2.749791711,0,261.0918579,261.0918579,0.516418139,3.638559316,81794.43623
19,Madagascar,19,2941606,51.06954943,-0.00723272,118.0517578,118.0589905,0.003833405,0.19596454,11276.36835
21,Malawi,21,569426,9.885868214,-0.007222325,64.76374054,64.77096286,0.04843978,0.628043722,27582.87021
24,Malaysia,24,1541007,26.75359418,0,837.463562,837.463562,0.702557279,4.516665294,1082645.685
12,Maldives,12,34,0.000590278,0,9.587492943,9.587492943,1.49492568,2.212281722,50.8274731
23,Maldives,23,124,0.002152778,0,28.35398674,28.35398674,0.87105284,4.03503045,108.0105521
73,Mali,73,6142898,106.6475364,0,44.37782288,44.37782288,0.004606992,0.21186918,28300.28308
77,Malta,77,1689,0.029322917,0,200.4633179,200.4633179,16.32591148,20.89355952,27574.46448
51,"Man, Isle of",51,4910,0.085243057,0,60.10040665,60.10040665,0.650011119,3.724831737,3191.554592
30,Marshall Islands,30,149,0.002586806,0,10.80621719,10.80621719,0.300730546,1.339149714,44.80885133
28,Martinique,28,5541,0.096197918,0,93.03388214,93.03388214,3.843863123,7.255112152,21298.84556
76,Mauritania,76,5179019,89.91352574,0,80.87123871,80.87123871,0.003453403,0.212691779,17885.24226
11,Mauritius,11,559,0.009704861,0,8.043584824,8.043584824,0.449311844,0.781490624,251.1653208
22,Mauritius,22,10123,0.175746531,0,80.96912384,80.96912384,1.557566706,4.232976107,15767.24777
20,Mayotte,20,2087,0.036232639,0,32.98511124,32.98511124,0.937515265,2.373372009,1956.594359
31,Mexico,31,10028880,174.1125028,0,13023.6875,13023.6875,0.416154918,8.007938957,4173567.731
30,Midway Islands,30,43,0.000746528,0,0,0,0,0,0
71,Moldova,71,230332,3.998819508,0,69.38207245,69.38207245,0.163391853,1.362236249,37634.37235
74,Monaco,74,60,0.001041667,0,119.120697,119.120697,16.86076499,23.0467341,1011.645899
22,Mongolia,22,10623270,184.4317738,0,260.2662354,260.2662354,0.007065128,0.410344911,75054.75905
79,Montenegro,79,87432,1.517916691,0,125.1701202,125.1701202,0.535124407,3.654106607,46786.99711
29,Montserrat,29,549,0.00953125,0,2.658108473,2.658108473,0.157310948,0.396643466,86.36371028
75,Morocco,75,2215699,38.46699714,0,255.078537,255.078537,0.378462387,3.792199616,838558.7326
23,Mozambique,23,3857676,66.97354274,-0.003936003,136.4833527,136.4872887,0.02509385,0.632779621,96803.9431
3,Myanmar (Burma),3,3347704,58.11986204,0,249.6051331,249.6051331,0.040091652,0.662935695,134214.9842
35,Namibia,35,4159470,72.21302199,-0.027176986,81.4697113,81.49688829,0.01094858,0.414470703,45540.29027
16,Nauru,16,127,0.002204861,0,31.23516464,31.23516464,2.960441629,4.387999854,375.9760868
25,Nepal,25,779579,13.53435786,0,28.16272736,28.16272736,0.043666023,0.275559597,34041.11454
82,Netherlands,82,269597,4.680503547,0,16411.10547,16411.10547,5.941857841,82.21314627,1601907.048
32,Netherlands Antilles,32,3779,0.06560764,0,279.1085205,279.1085205,3.926546483,11.5567627,14838.41916
13,New Caledonia,13,94487,1.640399332,0,105.5812149,105.5812149,0.134917378,1.60324891,12747.93833
17,New Zealand,17,1676364,29.10354213,0,163.6761627,163.6761627,0.12230896,1.554486057,205034.338
15,New Zealand,15,3977,0.06904514,0,0,0,0,0,0
33,Nicaragua,33,614511,10.66859392,0,66.19789124,66.19789124,0.089088021,1.129726474,54745.56877
80,Niger,80,5796770,100.6383697,0,448.0184937,448.0184937,0.003343137,0.367169573,19379.39755
81,Nigeria,81,4313530,74.88767481,0,9529.981445,9529.981445,0.190502191,9.790097975,821736.9178
14,Niue,14,1235,0.021440973,0,0.850961804,0.850961804,0.014536231,0.06632956,17.95224572
14,Norfolk Island,14,262,0.004548611,0,0.232656419,0.232656419,0.006278735,0.03241291,1.645028517
17,North Korea,17,744134,12.91899326,0,73.71831512,73.71831512,0.009875629,0.207600722,7348.791594
9,Northern Mariana Islands,9,1148,0.019930556,0,65.00415039,65.00415039,1.687279902,3.821059804,1936.997327
83,Norway,83,3452394,59.93739679,0,1120.008301,1120.008301,0.378152708,3.803111765,1305532.142
78,Oman,78,1541362,26.75975737,0,8122.50293,8122.50293,0.564576256,9.949096294,870216.3873
29,Pacific Islands (Palau),29,1661,0.028836806,0,21.25374603,21.25374603,0.058592254,0.670262654,97.32173336
28,Pakistan,28,4726790,82.0623277,0,342.6542358,342.6542358,0.179528745,1.602306027,848594.6744
34,Panama,34,350334,6.082187597,0,238.7727203,238.7727203,0.289706656,2.608503272,101494.0918
18,Papua New Guinea,18,2175928,37.77652838,0,374.9417725,374.9417725,0.013054574,0.823802042,28405.81307
26,Paracel Islands,26,10,0.000173611,0,2.957291842,2.957291842,0.578108501,1.156602288,5.781085014
16,Paraguay,16,524825,9.111545285,0,36.51955414,36.51955414,0.005237065,0.258447452,2748.542861
24,Paraguay,24,1503226,26.09767403,0,167.234314,167.234314,0.221551954,2.580768872,333042.6581
18,Peru,18,6134263,106.4976232,-0.045625776,965.0202637,965.0658894,0.079623471,1.549818538,488431.3116
31,Philippines,31,1399687,24.30012192,-0.12711218,920.5715332,920.6986454,0.203264659,2.121976242,284506.9005
17,Pitcairn Islands,17,245,0.004253472,0,0,0,0,0,0
85,Poland,85,2356461,40.9107819,0,4178.178711,4178.178711,0.930024015,7.39563183,2191565.319
86,Portugal,86,555343,9.641371682,0,190.8994904,190.8994904,2.198377218,8.171895724,1220853.399
35,Puerto Rico,35,45010,0.781423624,0,139.3811646,139.3811646,4.711296203,9.337861797,212055.4421
88,Qatar,88,57292,0.994652794,0,2803.843506,2803.843506,11.47763195,33.52790591,657576.4895
25,Reunion,25,13233,0.229739587,0,100.1404648,100.1404648,1.642752587,4.951097295,21738.54498
89,Romania,89,1583928,27.49875044,0,264.063324,264.063324,0.412245231,3.080685826,652966.7644
36,Russia,36,1355511,23.53317746,0,26.85513687,26.85513687,0.001320795,0.080106806,1790.352137
90,Russia,90,34712395,602.6457562,0,12523.10645,12523.10645,0.347831099,8.992122443,12074050.5
32,Russia,32,127789770,2218.572431,0,21637.66211,21637.66211,0.080239674,7.592166045,10253809.54
26,Rwanda,26,117702,2.043437533,0,47.42855453,47.42855453,0.095998323,0.997441693,11299.19457
96,San Marino,96,389,0.006753472,0,83.73191071,83.73191071,10.48172002,12.96719328,4077.389087
107,Sao Tome and Principe,107,5349,0.092864585,0,22.24077606,22.24077606,0.263369391,1.309473622,1408.762871
91,Saudi Arabia,91,10012208,173.8230583,0,1600.981934,1600.981934,0.754625564,7.302839795,7555468.112
93,Senegal,93,946252,16.42798637,0,171.1945801,171.1945801,0.039866079,0.829224372,37723.35697
99,Serbia,99,570042,9.896562658,0,236.1283264,236.1283264,0.936054128,4.67192966,533590.1672
27,Seychelles,27,1782,0.0309375,0,36.43178177,36.43178177,0.8936036,2.908074673,1592.401615
95,Sierra Leone,95,342963,5.954218845,0,26.74365234,26.74365234,0.008080129,0.186678712,2771.185192
33,Singapore,33,2576,0.044722223,0,245.6830292,245.6830292,51.59054428,33.75617193,132897.2421
67,Slovakia,67,344304,5.977500096,0,141.7135162,141.7135162,0.578632885,3.470246694,199225.6167
94,Slovenia,94,136911,2.376927121,0,131.9362488,131.9362488,0.607898785,2.788596663,83228.03051
3,Solomon Islands,3,127837,2.219392397,0,9.489116669,9.489116669,0.002045987,0.079898999,261.5528682
97,Somalia,97,2900143,50.34970567,0,27.48055267,27.48055267,0.001901301,0.104522718,5514.045071
30,Somalia,30,98956,1.717986139,0,0.900216877,0.900216877,4.71173E-05,0.004697513,4.662541211
28,South Africa,28,6522456,113.2370851,0,792.3562622,792.3562622,0.26534013,2.443040708,1730669.323
31,South Georgia and the South Sandwich Is,31,29676,0.515208342,0,0.251104236,0.251104236,5.17342E-05,0.00313258,1.53526336
18,South Korea,18,562609,9.767517517,0,281.7901611,281.7901611,3.184386785,9.445167729,1791564.665
98,Spain,98,3087618,53.60448002,0,550.0990601,550.0990601,1.367215804,7.793898659,4221440.128
27,Spratly Islands,27,21,0.000364583,0,0,0,0,0,0
7,Sri Lanka,7,311734,5.412048698,0,173.3843384,173.3843384,0.174653828,1.288453012,54445.53654
29,St. Helena,29,630,0.0109375,0,1.494140625,1.494140625,0.031940838,0.137824471,20.12272801
37,St. Kitts and Nevis,37,956,0.016597222,0,37.86006927,37.86006927,2.373120463,4.694226375,2268.703162
38,St. Lucia,38,3056,0.053055556,0,35.34310532,35.34310532,1.866763803,3.100721094,5704.830182
92,St. Pierre and Miquelon,92,1519,0.026371528,0,14.13075829,14.13075829,0.091901235,0.790292646,139.5979762
42,St. Vincent and the Grenadines,42,1644,0.028541667,0,21.99913597,21.99913597,0.625729233,1.552825204,1028.698858
100,Sudan,100,12018659,208.6572776,0,3174.486572,3174.486572,0.014581715,1.6262743,175252.6602
84,Suriname,84,680302,11.8107988,0,120.3266754,120.3266754,0.03840919,0.83686384,26129.84854
101,Svalbard,101,3437,0.05967014,0,0,0,0,0,0
36,Swaziland,36,89266,1.549756969,0,55.43333817,55.43333817,0.209121975,1.414082858,18667.48224
102,Sweden,102,4525396,78.56590403,0,871.1160889,871.1160889,0.376036653,3.833679626,1701714.763
104,Switzerland,104,281600,4.888888967,0,112.5417633,112.5417633,0.977820839,3.749919377,275354.3482
103,Syria,103,1069465,18.56710099,0,1450.794189,1450.794189,0.1526438,2.79835115,163247.2016
36,Taiwan,36,184574,3.204409773,0,245.0167694,245.0167694,4.338108624,10.27240496,800702.0612
35,Tajikistan,35,847615,14.71553843,0,110.0886688,110.0886688,0.082006314,0.985381233,69509.78159
32,"Tanzania, United Republic of",32,4435669,77.00814359,-0.119762808,116.8022995,116.9220623,0.013798516,0.34741779,61205.64916
34,Thailand,34,2484885,43.14036527,0,201.5503235,201.5503235,0.542337107,2.914846267,1347645.343
106,Togo,106,270290,4.692534797,0,160.1159515,160.1159515,0.065020556,1.007193184,17574.40612
19,Tokelau,19,35,0.000607639,0,0,0,0,0,0
20,Tonga,20,2270,0.039409723,0,3.456812382,3.456812382,0.180966273,0.346450885,410.7934406
39,Trinidad and Tobago,39,23812,0.413402784,0,543.977417,543.977417,5.526970359,13.82202848,131608.2182
108,Tunisia,108,874797,15.18744816,0,488.5437317,488.5437317,0.44441678,3.738666336,388774.4658
109,Turkey,109,4676849,81.19529644,0,276.8904114,276.8904114,0.799152698,4.748343694,3737516.498
110,Turkmenistan,110,1550699,26.92185807,0,6549.376465,6549.376465,0.271342943,10.92203613,420771.2303
37,Turkmenistan,37,1280252,22.22659758,0,1588.928589,1588.928589,0.181905317,3.040817635,232884.6464
40,Turks and Caicos Islands,40,1442,0.025034723,0,3.135515928,3.135515928,0.08414428,0.28588904,121.3360523
19,Tuvalu,19,133,0.002309028,0,0,0,0,0,0
111,Uganda,111,870037,15.10480927,0,86.0597229,86.0597229,0.019149958,0.419287198,16661.17165
33,Uganda,33,263363,4.572274379,0,17.66365814,17.66365814,0.006041877,0.107230344,1591.206733
113,Ukraine,113,4232574,73.48218868,0,11283.61914,11283.61914,0.203472719,10.90841477,861213.3411
105,United Arab Emirates,105,359116,6.234652878,0,319.2369995,319.2369995,3.914319017,15.05053697,1405694.588
112,United Kingdom,112,1937165,33.63133734,0,932.0755615,932.0755615,1.71021259,7.079476212,3312963.971
41,United States,41,64301426,1116.344219,-0.011989065,4887.95166,4887.963649,0.706492405,5.184077451,45428469.09
38,United States,38,16755,0.290885421,0,0,0,0,0,0
34,Uruguay,34,986480,17.12638916,0,192.1040039,192.1040039,0.248344102,2.859554256,244986.4901
115,Uzbekistan,115,728004,12.63895854,0,1388.23584,1388.23584,0.011977203,2.303897221,8719.451999
39,Uzbekistan,39,2058321,35.73474016,0,1519.640015,1519.640015,0.228883115,3.789723375,471114.9229
15,Vanuatu,15,59763,1.0375521,0,1431.796387,1431.796387,0.249851024,11.67394306,14931.84672
43,Venezuela,43,4296176,74.58639008,-0.032808207,97386.75781,97386.79062,0.826588012,118.0771743,3551167.577
116,Venezuela,116,2421,0.042031251,0,0,0,0,0,0
40,Vietnam,40,1587019,27.55241364,0,697.5874023,697.5874023,0.989795349,11.83305566,1570824.025
45,Virgin Islands,45,1064,0.018472223,0,38.57366943,38.57366943,5.655567014,6.562455549,6017.523303
41,Wake Island,41,91,0.001579861,0,1.790323734,1.790323734,0.164462364,0.311144723,14.96607516
21,Wallis and Futuna,21,772,0.013402778,0,1.196240544,1.196240544,0.030123338,0.114932583,23.25521692
117,West Bank,117,32301,0.560781259,0,212.2505646,212.2505646,5.571158266,12.5106099,179953.9832
118,Western Sahara,118,1381723,23.98824691,0,142.4500732,142.4500732,0.015591248,0.856999087,21542.78539
22,Western Samoa,22,14143,0.245538198,-0.0177183,10.1557827,10.173501,0.035619746,0.326686056,503.7700706
119,Yemen,119,2059076,35.74784779,0,809.6251831,809.6251831,0.061674858,1.58699291,126993.2194
18,Zaire,18,3334926,57.89802176,0,78.19651031,78.19651031,0.000972724,0.110154296,3243.962291
10,Zaire,10,7597197,131.8957834,-0.026350165,1715.282593,1715.308943,0.011990431,1.280412566,91093.66887
37,Zambia,37,3618120,62.81458434,-0.024210343,136.4461212,136.4703316,0.032475704,0.787870784,117500.993
38,Zimbabwe,38,1927457,33.46279567,-0.000298786,85.26528168,85.26558046,0.026916751,0.437371853,51880.88061
